{
    "parent": "item/handheld",
    "textures": {
        "layer0": "item/diamond_sword"
    },
    "overrides": [
        {
            "predicate": {
                "custom_model_data": 1
            },
            "model": "item/diamond_sword/diamond_sword_1"
        },
        {
            "predicate": {
                "custom_model_data": 2
            },
            "model": "item/diamond_sword/diamond_sword_2"
        },
        {
            "predicate": {
                "custom_model_data": 3
            },
            "model": "item/diamond_sword/diamond_sword_3"
        }
    ]
}